{
  "lat_min": 23.2450209,
  "lat_max": 23.2629926,
  "lon_min": 77.4062304,
  "lon_max": 77.4255566,
  "image_width": 10000,
  "image_height": 9295,
  "dpi": 500
}